"2012-06-25;Mise a disposition des locaux associatifs"
Autorisation de signer les avenants de prolongation
Approbation des redevances minorees
"Autorisation de signer les conventions de location;0000056204;"
"2012-06-25;Mise a disposition de locaux associatifs"
"Autorisation de signer les conventions;0000056205;"
"2012-06-25;Mandat special"
"Presentation des missions operationnelles des membres du conseil municipal dans le cadre de l action internationale de la Ville et des jumelages;0000056207;"
"2012-06-25;Maisons pour tous de la Ville de Montpellier"
"Mise a disposition de salle a titre gratuit;0000056208;"
"2012-06-25;Attribution d une subvention"
a l association Club de la Presse Montpellier Herault Languedoc Roussillon
"Exercice 2012;0000056209;"
"2012-06-25;Attributions de subventions a diverses associations "
dans le cadre de la Cohesion Sociale
"Exercice 2012;0000056210;"
"2012-06-25;Terrain de football Rachid MALLA"
Construction de vestiaires 
Demande d autorisation de deposer un permis de construire
"Demande de subventions;0000056211;"
"2012-06-25;CRECHE LA GALINETA"
QUARTIER LES CEVENNES
Extension et renovation de la creche -
"Autorisation de deposer le permis de construire - Demande subventions;0000056212;"
"2012-06-25;Convention d objectifs et de financement Ville SNCF pour l accueil de jeunes enfants;0000056213;"
"2012-06-25;NUMERISATION DES PLANS DU PATRIMOINE SCOLAIRE"
"Attribution et autorisation de signer le marche;0000056214;"
"2012-06-25;Convention de mise a disposition de locaux Ville Mutualite Française de l'Hérault."
"Creche Joséphine BAKER;0000056215;"
"2012-06-25;QUARTIER DES CEVENNES "
Operation Programmee d Amelioration de l Habitat  OPAH 
Copropriete Cevennes 1 
Attribution d une subvention
"en partie commune pour le batiment N;0000056216;"
"2012-06-25;QUARTIER DES CEVENNES "
Operation Programmee d Amelioration de l Habitat  OPAH 
Copropriete Cevennes 1 
Attribution d une subvention
"en partie commune pour le batiment H;0000056217;"
"2012-06-25;Assistance technique a la Communaute d Agglomeration pour le traitement et l exploitation de ses archives;0000056218;"
"2012-06-25;Avenant a la convention de partenariat pour la coproduction de conferences filmees;0000056219;"
"2012-06-25;Ecole maternelle Anne Frank   Construction d une salle polyvalente. "
Demande d autorisation de deposer un permis de construire.
"Demande de subventions;0000056220;"
"2012-06-25;Attributions de subventions a des projets et structures"
"Exercice 2012;0000056221;"
"2012-06-25;Convention de partenariat et attribution d une subvention a l Etablissement public administratif CROUS "
"Exercice 2012;0000056222;"
"2012-06-25;Convention de partenariat et attribution d une subvention a l association Languedoc Roussillon Cinema"
"Exercice 2012;0000056223;"
"2012-06-25;Participation de la collectivite a la complementaire sante des agents par la voie de la labellisation;0000056224;"
"2012-06-25;Echelon special des cadres d emplois de catégorie C;0000056225;"
"2012-06-25;Convention de partenariat Ville de Montpellier  Coteaux du Languedoc;0000056226;"
"2012-06-25;Modification du tableau des effectifs;0000056227;"
"2012-06-25;Contrat Urbain de Cohesion Sociale "
Attribution de subventions a diverses associations
"Exercice 2012;0000056228;"
"2012-06-25;Local technique parking de l hotel de Ville"
Convention d occupation du domaine public
"Ville de Montpellier Communaute d Agglomeration de Montpellier;0000056206;"
"2012-06-25;Renovation du terrain de football le Mail des Abbes - Autorisation de deposer un permis de construire"
"Demande de subventions;0000056229;"
"2012-06-25;CHAMBRE REGIONALE DES COMPTES DE LANGUEDOC ROUSSILLON "
SAEM Enjoy
"Rapport d observations definitives;0000056230;"
"2012-06-25;Mise en oeuvre technique et accompagnement a la production de manifestations culturelles dans l espace public  ZAT 2012 2014"
"Autorisation de signer le marche;0000056231;"
"2012-06-25;Cotisations a des organismes nationaux pour l annee 2012;0000056232;"
"2012-06-25;Taxe communale sur la consommation finale d electricite (TCCFE)"
"Fixation du coefficient multiplicateur pour 2013;0000056233;"
"2012-06-25;Tarifs 2012   Modifications;0000056234;"
"2012-06-25;Attributions et reaffectations de subventions"
"Exercice 2012;0000056235;"
"2012-06-25;Achat d une machine offset 4 couleurs"
"Autorisation de signer le marche;0000056236;"
"2012-06-25;Nettoyage et entretien des locaux du Centre Municipal Garosud, de divers locaux municipaux, de la vitrerie et des bardages de l hôtel de ville"
"Autorisation de signer les marches;0000056237;"
"2012-06-25;Exposition  Au bonheur des fleurs au Pavillon Populaire  acquisitions de tirages photographiques realises par Nobuyoshi Araki Japon Denis Brihat France Lee Friedlander USA Paul Den Hollander Pays-Bas Gerard Traquandi France;0000056238;"
"2012-06-25;Association  Maison de Montpellier a CHENGDU "
"Designation des representants de la Ville à l Assemblee generale;0000056241;"
"2012-06-25;Montpellier Territoire Numerique"
Appel a projets Montpellier Innovation
Attribution de subventions
"Exercice 2012;0000056242;"
"2012-06-25;Convention relative a la verification des conditions du regroupement familial;0000056243;"
"2012-06-25;Convention de partenariat Ville  Services  departementaux incendie et de secours;0000056244;"
"2012-06-25;Garantie d emprunt"
"Societe d Equipement de la Region Montpelliéraine Ovalie;0000056245;"
"2012-06-25;QUARTIER DES CEVENNES "
Operation Programmee d Amelioration de l Habitat  OPAH 
Copropriete Cevennes 1 
Attribution d une subvention
en parties communes pour le batiment I 
"2eme tranche de travaux;0000056239;"
"2012-06-25;Reforme de materiels et vehicules;0000056240;"
"2012-06-25;Programme de videoprotection urbaine"
"Annee 2012;0000056246;"
"2012-06-25;Bourse Animation Jeunes"
"Attributions de subventions 2012;0000056247;"
"2012-06-25;Bourse Initiatives Jeunes 2012"
"Participation de la Ville;0000056248;"
"2012-06-25;Capital sante des seniors et lien intergenerationnel"
Convention de partenariat
"Ville de Montpellier Centre Communal d Action Sociale- Universite Montpellier 1 Faculte de Pharmacie College des Conseillers et Maitres de stage Sanofi Aventis;0000056251;"
"2012-06-25;Attribution d une subvention a l association Visite des Malades dans les Etablissements Hospitaliers "
dans le cadre de la solidarite
"Exercice 2012;0000056254;"
"2012-06-25;Amenagement des rues Draparnaud et Marioge "
Marche a  Procedure Adaptee
"Autorisation de signer les marches;0000056257;"
"2012-06-25;Dénomination de voies;0000056258;"
"2012-06-25;Realisation de signaletiques dans divers espaces verts de la Ville"
"Appel d offres  Autorisation de signer les marches;0000056259;"
"2012-06-25;Theatre Jean Vilar"
"Adhesion a la Charte d Experimentation et d Accompagnement Economique et Structurel des Oeuvres creees en Languedoc Roussillon;0000056260;"
"2012-06-25;Convention de partenariat entre les musees d archeologie et d histoire de Montpellier et ses environs"
"Application du tarif reduit pour l entree au Parcours museographique de Montpellier;0000056261;"
"2012-06-25;Convention de partenariat et attribution de subvention"
a l association Les galeries de Montpellier 
"Exercice 2012;0000056263;"
"2012-06-25;Exercice 2011  Compte Administratif de la Ville de Montpellier  Budget Principal et Budget Annexe;0000056264;"
"2012-06-25;Cellule Prevention et Gestion des Risques"
Diagnostic des Risques et Etude de Vulnerabilite sur le Territoire Communal de la Ville de Montpellier
"Demande de Subventions;0000056265;"
"2012-07-23;Aménagement de l avenue du Pont Trinquat"
 section rue des Acconiers chemin de Moulares 
Propriete DEMES CAUSSE
847 avenue du Pont Trinquat
parcelle cadastrée DS 412p
"Promesse unilatérale de vente;0000056658;"
"2012-07-23;Exercice 2012  Affectation du resultat 2011 au Budget Principal;0000056660;"
"2012-07-23;Exercice 2012  Affectation du resultat 2011 au Budget Annexe;0000056661;"
"2012-07-23;Creation d un marche de plein air a Celleneuve Decision;0000056664;"
"2012-07-23;ILLUMINATIONS DE NOEL ANNEES 2012 2013 2014  Autorisation de signer le marche;0000056665;"
"2012-07-23;Manege de chevaux de bois de la Comedie  Reconduction de l exploitant  Decision  Autorisation;0000056666;"
"2012-07-23;Creation d un marche de la brocante et des antiquites  Les Dimanches du Peyrou;0000056667;"
"2012-07-23;Marche a procedure adaptee relatif aux travaux d installation et d'entretien du patrimoine electrique exterieur  Avenant numero un;0000056668;"
"2012-07-23;Rapport annuel 2011"
TAM
"Parc de stationnement Comédie;0000056698;"
"2012-07-23;Rapport annuel 2011"
SERM
"Réseau Montpelliérain de Chaleur et de Froid;0000056669;"
"2012-07-23;Rapport annuel 2011"
EFFIA
"Fourrière municipale;0000056670;"
"2012-07-23;BULLE BLEUE"
"GARANTIE D'EMPRUNT;0000056671;"
"2012-07-23;Attributions de subventions et cotisation à un organisme national - Exercice 2012;0000056672;"
"2012-07-23;Communication au Conseil Municipal de Montpellier du rapport retraçant l'activité de la Communauté d'Agglomération de Montpellier pour les exercices 2010 et 2011 sur la base de ses comptes administratifs;0000056673;"
"2012-07-23;Réalisation de travaux sur le boulevard du Jeu de Paume"
"Protocole relatif aux études et travaux de dévoiement de réseaux France Telecom préalable à la requalification du boulevard entre la place Edouard Adam et la rue Marceau;0000056674;"
"2012-07-23;Approbation de la convention cadre de partenariat avec le Centre National de Fonction Publique Terriroriale;0000056675;"
"2012-07-23;Modification du tableau des effectifs;0000056676;"
"2012-07-23;Contrat de location"
Avenant n°1
"Ville de Montpellier/Ecole Supérieure de Journalisme de Lille;0000056678;"
"2012-07-23;Parc de stationnement sous place Georges Frêche"
Convention d'amodiation de 40 emplacements
"Ville de Montpellier / SCI GMH;0000056679;"
"2012-07-23;Modification du réglement d'attribution du dispositif ""Clé Montpellier Logement Jeunes"";0000056682;"
"2012-07-23;Autorisation de signer la convention de financement entre la Ville de Montpellier et la caisse des écoles dans le cadre de la plateforme de réussite éducative;0000056683;"
"2012-07-23;Attribution d'une subvention à l'Association Départementale de l'Office Central de la Coopération à l'Ecole 34 pour la mise en place de classes de découverte durant la période rousse;0000056684;"
"2012-07-23;Accueils de Loisirs Sans Hébergement"
"Transfert de places;0000056685;"
"2012-07-23;Convention générale de groupement de commandes relatif aux équipements et prestations informatiques;0000056687;"
"2012-07-23;Festival des Villes Jumelles;0000056688;"
"2012-07-23;SA d HLM Un Toit pour Tous "
Designation du representant de la Ville
"à la Commission d attribution de logements;0000056689;"
"2012-07-23;Realisation, amenagement de structures et materiels d exposition, stockage, maintenance et entretien- Autorisation de signer le marché;0000056690;"
"2012-07-23;Transfert d activites de la societe APX à la societe APX INTEGRATION"
"Autorisation de signer l avenant;0000056691;"
"2012-07-23;Rapport annuel 2011"
TAM
"Parc de stationnement Gambetta;0000056692;"
"2012-07-23;Rapport annuel 2011"
VINCI PARK
"Parc de stationnement Foch;0000056693;"
"2012-07-23;Rapport annuel 2011"
VINCI PARK
"Parc de stationnement Peyrou - Pitot;0000056694;"
"2012-07-23;Rapport annuel 2011"
GDV SARL
"Aire d'accueil des gens du voyage de Bionne;0000056695;"
"2012-07-23;Rapport annuel 2011"
EFFIA
"Parc de stationnement Arc de Triomphe;0000056696;"
"2012-07-23;Rapport annuel 2011"
TAM
"Parc de stationnement Arceaux;0000056697;"
"2012-07-23;Rapport annuel 2011"
TAM 
"Parc de stationnement Antigone;0000056699;"
"2012-07-23;Rapport annuel 2011"
TAM
"Parc de stationnement Europa;0000056700;"
"2012-07-23;Elaboration de trames vertes et bleues urbaines et valorisation de friches"
"Autorisation de demande de subvention 2012;0000056701;"
"2012-07-23;Securite des ecoles"
Reamenagement de la rue Croix de Figuerolles
entre la rue des Jonquilles et la Rue du Roc de Pezenas
Marche a Procedure Adaptee
"Autorisation de signer les marches;0000056702;"
"2012-07-23;Avenue Heidelberg"
Acces au Grand Mail
Marche a Procedure Adaptee
"Autorisation de signer les marches;0000056703;"
"2012-07-23;Recolement et cartographie du reseau d Eclairage Public"
"Appel d offres ouvert  Autorisation de signer le marche;0000056706;"
"2012-07-23;Lutte contre les inondations  Protection contre les inondations dans la vallee de la Mosson  Extension de competence  Transfert a la Communaute d Agglomeration de Montpellier de la competence des Communes  Approbation;0000056707;"
"2012-07-23;Marche de Maintenance de la Videoprotection Urbaine"
"Autorisation de signer l Avenant numero 1;0000056708;"
"2012-07-23;Ouverture des Archives municipales et du Parcours museographique a l occasion des Journees du Patrimoine des 15 et 16 septembre 2012;0000056709;"
"2012-07-23;Convention de partenariat entre les deux associations "
Parents et Amis de la Villa Saint Georges Halte Pouce 
"et le cinema municipal Nestor Burma;0000056710;"
"2012-07-23;MONTPELLIER GRAND COEUR"
Operation programmee d amelioration de l habitat
"Attribution de subventions;0000056711;"
"2012-07-23;Convention Cadre d objectifs entre la Ville de Montpellier et la SASP Montpellier Rugby Club pour les saisons 2012 2013 2013 2014 2014 2015"
"Convention d attribution de subvention exercice 2012;0000056712;"
"2012-07-23;Convention cadre d objectifs entre la Ville de Montpellier et l Association Montpellier Rugby Club pour les annees 2012 2013 et 2014;0000056713;"
"2012-07-23;Rapport annuel 2011"
TAM
"Parc de stationnement Laissac;0000056714;"
"2012-07-23;Attribution d une subvention a  l association Agence Immobiliere a Vocation Sociale AIVS de l Herault;0000056716;"
"2012-07-23;Attribution d une subvention de fonctionnement a l association Jasmin d Orient  n 296  dans le cadre de la lutte contre l exclusion Exercice 2012;0000056718;"
"2012-07-23;Marche negocie de prestations de service"
avec le club de haut niveau
EUSRL Montpellier Agglomeration Handball
"Autorisation de signature;0000056719;"
"2012-07-23;Attribution de  subventions a diverses associations de la Ville dans le cadre de la Cohesion Sociale;0000056720;"
"2012-07-23;Attribution d une subvention de fonctionnement a l association"
Atelier Permanent d Initiation a l Environnement Urbain  numero 1201
dans le cadre de la Cohesion Sociale
"Exercice 2012;0000056721;"
"2012-07-23;Mise a disposition de locaux associatifs"
Approbation de redevances minorees
"Autorisation de signer les conventions d occupation du domaine public et prive de la Ville;0000056722;"
"2012-07-23;Maisons pour tous de la Ville de Montpellier"
"Mise a disposition de salles a titre gratuit;0000056723;"
"2012-07-23;Mandat special"
"Presentation des missions operationnelles des membres du conseil municipal dans le cadre de l action internationale de la Ville et des jumelages;0000056724;"
"2012-07-23;MONTPELLIER GRAND COEUR"
Ravalement obligatoire des facades
"Attribution de subventions;0000056725;"
"2012-07-23;FONCIER"
Convention operationnelle Etablissement Public Foncier de Languedoc Roussillon  Ville de Montpellier
ZAC du COTEAU
"Avenant numero 1;0000056726;"
"2012-07-23;CONVENTION DE PARTENARIAT RELATIVE AU DEVELOPPEMENT D ACTIONS EN FAVEUR DU LOGEMENT DES JEUNES ET PROMOTION DE L AIDE MOBILI JEUNES;0000056731;"
"2012-07-23;ZAC Port Marianne  Consuls de Mer"
Futur Hotel de Ville  Mandat Ville  SERM
"Compte Rendu Annuel a la Collectivite exercice 2011;0000056732;"
"2012-07-23;TRAVAUX DE MISE A DEUX FOIS DEUX VOIES"
DE  LA RUE DU PROFESSEUR BLAYAC
ET REAMENAGEMENT DU PARVIS DU LYCEE LEONARD DE VINCI 
REPRISE DU RESEAU D EAU POTABLE
Convention Constitutive de groupement de commandes 
Departement de l Herault  Ville de Montpellier
Communaute d Agglomeration de Montpellier
"Autorisation de signer les documents;0000056734;"
"2012-07-23;MONTPELLIER GRAND COEUR"
Concession d amenagement 
Compte rendu annuel a la collectivite exercice 2011
"Rapport special sur les conditions d exercice des prerogatives de puissance publique annee 2011;0000056780;"
"2012-07-23;PETIT BARD Concession d amenagement Ville SERM"
Compte rendu annuel a la collectivite exercice 2011
Avenant numero cinq
"Rapport special sur les conditions d exercice des prerogatives de puissance publique annee 2011;0000056781;"
"2012-07-23;Zone d amenagement concerte Port Marianne  Parc Marianne "
secteur nord est de la place Ernest Granier 
et avenue Raymond Dugrand
Concession d amenagement Ville SERM
Compte rendu annuel a la collectivite exercice 2011
"Rapport special sur les conditions d exercice des prerogatives de puissance publique annee 2011;0000056792;"
"2012-07-23;ZAC OVALIE"
Concession d amenagement Ville SERM
Compte rendu annuel a la collectivite exercice 2011
"Rapport special sur les conditions d exercice des prerogatives de puissance publique annee 2011;0000056793;"
"2012-07-23;ZAC LA FONTAINE"
Concession d amenagement Ville SERM
Compte Rendu Annuel a la Collectivite
Exercice 2011
 
"Avenant numero 9;0000056794;"
"2012-07-23;ZAC MALBOSC"
Concession d amenagement Ville SERM
Compte Rendu Annuel a la Collectivite
Exercice 2011
"Avenant numero 5;0000056795;"
"2012-07-23;Zone d amenagement concerte des Grisettes"
Concession d amenagement Ville SERM
"Compte rendu annuel a la collectivite exercice 2011;0000056797;"
"2012-07-23;Zone d Amenagement Concerte ZAC Nouveau Saint Roch"
Concession d amenagement Ville SERM
Avenant numero 2
"Compte rendu annuel a la collectivite exercice 2011;0000056798;"
"2012-07-23;Zone d amenagement concerte Port Marianne Richter"
Concession d amenagement Ville SERM
"Compte rendu annuel a la collectivite exercice 2011;0000056800;"
"2012-07-23;Zone d amenagement concerte Port Marianne  Jardins de la Lironde"
Concession d amenagement Ville SERM
"Compte rendu annuel a la collectivite exercice 2011;0000056801;"
"2012-07-23;Port Marianne Jardins de la Lironde"
Infrastructures primaires
Mandat Ville SERM
"Compte rendu annuel a la collectivite exercice 2011;0000056802;"
"2012-07-23;Zone d amenagement concerte Blaise Pascal"
Concession d amenagement Ville SERM
Compte rendu annuel a la collectivite exercice 2011
"Avenant numero 11;0000056808;"
"2012-07-23;Zone d amenagement concerte Port Marianne Consuls de Mer"
Concession d amenagement Ville SERM
Compte rendu annuel a la collectivite exercice 2011
"Avenant numero 11;0000056811;"
"2012-07-23;Zone d amenagement concerte Port Marianne  Jacques Coeur"
Concession d amenagement Ville  SERM
"Compte rendu annuel a la collectivite exercice 2011;0000056812;"
"2012-07-23;Zone d amenagement concerte Port Marianne  Rive gauche"
Concession d amenagement Ville SERM
Compte rendu annuel a la collectivite exercice 2011 
Avenant numero 3
"Rapport special sur les conditions d exercice des prerogatives de puissance publique annee 2011;0000056820;"
"2012-07-23;FONCIER"
PORT MARIANNE
Mandat d acquisition foncieres VILLE  SERM
Compte rendu annuel a la collectivite
Exercice 2011
"Avenant numero 11;0000056823;"
"2012-10-01;Zones d'Amenagement Concerte Garosud et Garosud Extension"
Realisation de bassins de retention
"Echange a l'euro symbolique de terrains avec la Societe d Equipement de la Region Montpellieraine;0000058342;"
"2012-10-01;Amenagement de la tranche 3 du Parc Malbosc - Autorisation de signer l Avenant n 1 du marche 1M569 2701;0000058405;"
"2012-10-01;Modification du tableau des effectifs;0000058406;"
"2012-10-01;Regime indemnitaire  Animateurs permanents;0000058408;"
"2012-10-01;Exercice 2012   Decision Modificative n 2 du Budget Principal;0000058410;"
"2012-10-01;Tarifs 2012"
"Modification des tarifs applicables aux agents municipaux dans le cadre du Plan de Deplacement des Entreprises;0000058412;"
"2012-10-01;Attributions de subventions et cotisations a des organismes nationaux"
"Exercice 2012;0000058413;"
"2012-10-01;Reforme de vehicules et materiels;0000058414;"
"2012-10-01;Recalibrage de la rue Montasinos partie comprise entre la rue des Alpilles et la rue des Bengalis"
"Marche a Procedure Adaptee                Autorisation de signer les marches;0000058416;"
"2012-10-01;Fonds Departemental d Aide aux Jeunes"
Delegation de gestion du Departement a la Ville de Montpellier
"Avenant 2012;0000058417;"
"2012-10-01;FONCIER"
Vente Ville   Communaute  d Agglomeration de Montpellier
"Secteur Sud A9 et Sud Zenith;0000058384;"
"2012-10-01;Fourniture de services de telecommunications Telephonie mobile"
"Autorisation de signer le marche;0000058386;"
"2012-10-01;Avenant n 1 a la convention de partenariat relative au developpement d actions en faveur du logement des jeunes et promotion de l aide Mobili Jeunes;0000058388;"
"2012-10-01;Recensement de la Population 2013"
Creation de postes d Agents Recenseurs
"et remuneration de ces postes;0000058390;"
"2012-10-01;Plan Local de Deplacements secteur Nord."
Axe rue Auguste Broussonnet   quai du Verdanson  place du Onze novembre.
Reorganisation des sens de circulation   Recalibrage des voies
Demande de subvention aupres 
"de la Communaute d Agglomeration de Montpellier;0000058391;"
"2012-10-01;REDEVANCE SPECIALE POUR LES DECHETS MENAGERS ET ASSIMILES Communaute d agglomeration de Montpellier   Ville de Montpellier;0000058392;"
"2012-10-01;Cinema Nestor Burma"
"Convention entre la Ville et l association les Chiens Andalous  dispositif Ecole et Cinema;0000058393;"
"2012-10-01;La Panacee art et culture contemporaine"
Residences d artistes
"Demande de subvention aupres de l Etat (Ministere de la Culture et de la Communication);0000058394;"
"2012-10-01;Theatre Jean Vilar  programmation 2012-2013"
"Demandes de subventions;0000058395;"
"2012-10-01;Attribution d une subvention "
a l association Choeurs des Choregiens 
"Exercice 2012;0000058396;"
"2012-10-01;Convention de partenariat avec l association Festival International du Cinema mediterraneen - Attribution de subvention"
"Exercice 2012;0000058397;"
"2012-10-01;Convention de partenariat et attribution d une subvention "
a l association El Hand Art
"Exercice 2012;0000058398;"
"2012-10-01;Gestion Technique Centralisee des Horodateurs"
"Autorisation a signer le Marche Negocie;0000058399;"
"2012-10-01;Depose fourniture et pose de serrurerie de voirie Autorisation de signer le marche;0000058400;"
"2012-10-01;Marche a bons de commande pour le curage  controle et rehabilitations ponctuelles du reseau pluvial"
"Autorisation de signer le marche;0000058401;"
"2012-10-01;Maintenance et modifications des equipements d Eclairage Public - lot 1 quartier Port Marianne / Pres d Arenes - Avenant de transfert pour changement de raison sociale;0000058402;"
"2012-10-01;Convention de debroussaillage entre la Ville et l Association Languedocienne pour la Jeunesse;0000058403;"
"2012-10-01;Denominations de voies;0000058404;"
"2012-10-01;Association de gestion de la Maison de Montpellier a Heidelberg "
"Designation des representants de la Ville au Conseil d administration;0000058418;"
"2012-10-01;Adhesion au LAB (Local Action for Biodiversity);0000058419;"
"2012-10-01;Marche public a procedure adaptee relatif aux travaux d installation et d entretien du patrimoine electrique exterieur;0000058420;"
"2012-10-01;Suppression du Marche Esplanade Comedie et creation du marche Comedie;0000058421;"
"2012-10-01;Attribution d un marche de programmation pour la Cite du Corps Humain;0000058422;"
"2012-10-01;Demarche d elaboration du projet urbain Montpellier 2040"
"Approbation des orientations strategiques et des modalites de concertation;0000058423;"
"2012-10-01;Election d un adjoint au Maire;0000058424;"
"2012-10-01;Garantie d emprunt GAIA   SERM Grand Coeur;0000058425;"
"2012-10-01;Garantie Emprunt GAIA  SERM   Ville de Montpellier  "
"Avenant au contrat de pret N 1098075;0000058426;"
"2012-10-01;Voeu   Defense du personnel de SANOFI Montpellier;0000058428;"
"2012-10-01;Quartier Montpellier Centre "
Reconstruction Salle de Boxe FARRE
Autorisation de deposer un permis de construire 
"Demande de subventions;0000058553;"
"2012-10-01;Activites de Gymnastique"
Convention de service
"Ville de Montpellier   Centre Communal d Action Sociale;0000058554;"
"2012-10-01;Quartier des Cevennes "
Operation programmee d amelioration de l habitat
Copropriéte Cevennes 1
"Attribution de subventions parties privatives;0000058557;"
"2012-10-01;MONTPELLIER GRAND COEUR"
Operation programmee d amelioration de l habitat
"Attribution de subventions;0000058558;"
"2012-10-01;Centre d art contemporain la Panacee"
"Autorisation de signer l avenant n 3 au lot 3  Bardage Menuiserie aluminium march  n 9M19016C;0000058559;"
"2012-10-01;MONTPELLIER GRAND COEUR"
Ravalement obligatoire des facades
"Attribution de subventions;0000058578;"
"2012-10-01;Attributions de subventions a des projets et structures"
"Exercice 2012;0000058582;"
"2012-10-01;Foncier "
Elargissement Rue du Fesquet   Chemin de Casseyrols
"Propriete   SCI Coteau Nicolas;0000058595;"
"2012-10-01;Maisons pour tous de la Ville de Montpellier"
"Mise a disposition de salle a titre gratuit;0000058584;"
"2012-10-01;Engagement dans la demarche Cit ergie Approbation de l appel a candidature ADEME pour sa mise en oeuvre;0000058585;"
"2012-10-01;Gestion immobiliere et technique de l ancienne Mairie A et de sa salle polyvalente;0000058586;"
"2012-10-01;Ancienne Mairie"
Denomination d espace
SALLE JULES PAGEZY
"Maire de Montpellier de 1852 à 1869;0000058587;"
"2012-10-01;Immeuble Les Restaurants de l'Esplanade"
Club Age d Or Antonin Balmes
Prorogation d un an   Avenant n  2 
au bail de longue duree du 13 septembre 1993
"Ville de Montpellier   CCAS;0000058588;"
"2012-10-01;Autorisation de signature de convention pour la location de locaux associatifs;0000058589;"
"2012-10-01;Travaux de maintenance, de gros entretiens et grosses reparations sur les batiments communaux"
Lot n  1 : Desamiantage   Demolitions
Lot n  2 : Maconnerie   Petits travaux
"Lot n  3 : Metallerie secteur 2;0000058590;"
"2012-10-01;Societe d Equipement de la Region Montpellieraine  SERM   Avenant n 2 au contrat de concession du service de distribution publique d energie calorifique.;0000058591;"
"2012-10-01;Amenagement de l avenue du Pont Trinquat   section rue des Acconiers Chemin de Moulares"
Propriete de l A.S.L. Les Cigales
impasse Jacques Daguerre
parcelle cadastree DS 45p
"Promesse unilaterale de vente et convention de travaux;0000058592;"
"2012-10-01;Amenagement de l avenue du Pont Trinquat"
section rue des Acconiers   chemin de Moulares
Propriete AGELOU
951, avenue du Pont Trinquat
Parcelle cadastree DS 556p
"Promesse d echange foncier;0000058593;"
"2012-10-01;Foncier"
P.A.E. de l Allee du Tiers Etat
"Acquisition d une emprise de voirie aupres d ACM;0000058594;"
"2012-10-01;Société d’Equipement de la Région Montpelliéraine (SERM) - Avenant n°2 au contrat de concession du service de distribution publique d’énergie calorifique.;0000058354;"
"2012-10-01;Travaux de maintenance, de gros entretiens et grosses réparations sur les bâtiments communaux"
Lot n° 1 : Désamiantage - Démolitions
Lot n° 2 : Maçonnerie - Petits travaux
"Lot n° 3 : Métallerie (secteur 2);0000058356;"
"2012-10-01;Autorisation de signature de convention pour la location de locaux associatifs;0000058357;"
"2012-10-01;Immeuble ""Les Restaurants de l'Esplanade"" "
Club Age d'Or Antonin Balmès
Prorogation d'un an - Avenant n° 2 
au bail de longue durée du 13 septembre 1993
"Ville de Montpellier / CCAS;0000058358;"
"2012-10-01;Ancienne Mairie"
Dénomination d'espace
SALLE JULES PAGEZY
"Maire de Montpellier de 1852 à 1869;0000058359;"
"2012-10-01;Gestion immobilière et technique de l'ancienne Mairie A et de sa salle polyvalente;0000058360;"
"2012-10-01;Engagement dans la démarche Cit'ergie –Approbation de l’appel à candidature ADEME pour sa mise en oeuvre;0000058364;"
"2012-10-01;Maisons pour tous de la Ville de Montpellier"
"Mise à disposition de salle à titre gratuit;0000058365;"
"2012-10-01;Activités de Gymnastique"
Convention de service
"Ville de Montpellier - Centre Communal d'Action Sociale;0000058366;"
"2012-10-01;Quartier Montpellier Centre "
Reconstruction Salle de Boxe FARRE
Autorisation de déposer un permis de construire 
"Demande de subventions;0000058367;"
"2012-10-01;Quartier des Cévennes "
Opération programmée d'amélioration de l'habitat
Copropriété Cévennes 1
"Attribution de subventions parties privatives;0000058368;"
"2012-10-01;Travaux de maintenance de gros entretiens et grosses reparations sur les batiments communaux"
Lot n1 : Desamiantage - Demolitions
Lot n2 : Maçonnerie - Petits travaux
"Lot n3 : Metallerie (secteur 2);0000058540;"
"2012-10-01;Autorisation de signature de convention pour la location de locaux associatifs;0000058541;"
"2012-10-01;Immeuble Les Restaurants de l'Esplanade"
Club Age d Or Antonin Balmes
Prorogation d un an - Avenant n2 
au bail de longue duree du 13 septembre 1993
"Ville de Montpellier  CCAS;0000058542;"
"2012-10-01;Ancienne Mairie"
Denomination d espace
SALLE JULES PAGEZY
"Maire de Montpellier de 1852 a 1869;0000058543;"
"2012-10-01;Gestion immobiliere et technique de l ancienne Mairie A et de sa salle polyvalente;0000058544;"
"2012-10-01;Engagement dans la demarche Cit ergie Approbation de l appel a candidature ADEME pour sa mise en oeuvre;0000058545;"
"2012-10-01;Maisons pour tous de la Ville de Montpellier"
"Mise a disposition de salle a titre gratuit;0000058546;"
"2012-10-01;Amenagement de l avenue du Pont Trinquat ( section rue des Acconiers/Chemin de Moulares)"
Propriete de l A.S.L. Les Cigales
impasse Jacques Daguerre
parcelle cadastree DS 45p
"Promesse unilaterale de vente et convention de travaux;0000058547;"
"2012-10-01;Amenagement de l avenue du Pont Trinquat"
(section rue des Acconiers / chemin de Moulares)
Propriete AGELOU
951, avenue du Pont Trinquat
Parcelle cadastree DS 556p
"Promesse d echange foncier;0000058549;"
"2012-10-01;MONTPELLIER GRAND CŒUR"
Opération programmée d’amélioration de l’habitat
"Attribution de subventions;0000058370;"
"2012-10-01;Centre d'art contemporain la Panacée"
"Autorisation de signer l’avenant n°3 au lot 3 – Bardage-Menuiserie aluminium (marché n°9M19016C);0000058371;"
"2012-10-01;Amenagement de l avenue du Pont Trinquat ( section rue des Acconiers Chemin de Moulares)"
Propriete de l A.S.L. Les Cigales
impasse Jacques Daguerre
parcelle cadastrée DS 45p
"Promesse unilaterale de vente et convention de travaux;0000058376;"
"2012-10-01;Amenagement de l avenue du Pont Trinquat"
(section rue des Acconiers  chemin de Moularès)
Propriete AGELOU
951, avenue du Pont Trinquat
Parcelle cadastree DS 556p
"Promesse d echange foncier;0000058378;"
"2012-10-01;Attributions de subventions a des projets et structures"
"Exercice 2012;0000058530;"
"2012-10-01;Societe d Equipement de la Region Montpellieraine (SERM)  Avenant n2 au contrat de concession du service de distribution publique d energie calorifique.;0000058538;"
"2012-11-12;MONTPELLIER GRAND CŒUR"
Opération programmée d’amélioration de l’habitat
"Attribution de subventions;0000059370;"
"2012-11-12;Cinéma Nestor Burma"
Convention avec le CROUS de Montpellier
"Dispositif Pass' Culture;0000059371;"
"2012-11-12;Cinéma Nestor Burma"
"Dispositif Lycéens au cinéma;0000059372;"
"2012-11-12;Cinéma Nestor Burma"
"Convention entre la Ville et l'association Les Chiens Andalous, dispositif Collège au cinéma;0000059373;"
"2012-11-12;Théâtre Jean Vilar"
Dispositif Pass Culture
"Convention avec le CROUS de Montpellier;0000059374;"
"2012-11-12;Théâtre Jean Vilar"
"Convention d'aide à la diffusion théâtrale avec la Communauté d'Agglomération de Montpellier;0000059375;"
"2012-11-12;La Panacée, Art et Culture contemporaine"
"Demande de subvention auprès de l'Union Européenne pour le projet C.A.P.E. Europe;0000059376;"
"2012-11-12;Agora des Savoirs quatrième saison"
"Convention de partenariat avec la librairie Sauramps;0000059377;"
"2012-11-12;Agora des Savoirs 4ème saison"
Cycle de conférences 2012 - 2013
Partenariats avec la Maison des Sciences de l’Homme de Montpellier 
"et avec l’association Croqu’Oreilles - Divergence.FM;0000059378;"
"2012-11-12;Pavillon Populaire, exposition Adieu la Suisse ! Construction et déconstruction d'un mythe photographique"
"Demande de subvention;0000059379;"
"2012-11-12;Gardiennage de sites"
Sécurité et accompagnement évènementiel
Surveillance d'expositions
"Autorisation à signer les Marchés;0000059380;"
"2012-11-12;Dénominations de voies;0000059381;"
"2012-11-12;Maintenance et modification des équipements d'éclairage public;0000059382;"
"2012-11-12;Convention de correction et d'exploitation des données du Fichier National des accidents corporels de la circulation;0000059383;"
"2012-11-12;Délégation de Service Public"
Lot parkings Comédie/Antigone
"Délibération de principe;0000059384;"
"2012-11-12;Transfert de la compétence Eau Potable "
Procès verbal de mise à disposition de la Communauté d'Agglomération de Montpellier des biens mobiliers et immobiliers par la Commune de Montpellier 
"Autorisation de signature;0000059385;"
"2012-11-12;Attribution de subventions à diverses associations "
"dans le cadre de la thématique solidarité;0000059386;"
"2012-11-12;Bourse Animation Jeunes"
"Attributions de subventions 2012;0000059388;"
"2012-11-12;Mise en oeuvre du plan de gestion Lez / Mosson et affluents"
Approbation des travaux 2013
"Demandes de subventions;0000059389;"
"2012-11-12;Bourse Initiatives Jeunes 2012"
"Participation de la Ville;0000059387;"
"2012-11-12;Quartier des Cevennes "
Operation programmee d amelioration de l habitat
Copropriete Cevennes 1
"Attribution de subventions parties privatives;0000059390;"
"2012-11-12;Exercice 2012 - Décision Modificative n°3 du Budget Principal;0000059413;"
"2012-11-12;PROTOCOLE D’ACCORD"
VILLE DE MONTPELLIER /
"Mme ARNAUD Joséphine – M. ARNAUD Claude – Mme et M. BELLEC Samuel;0000059414;"
"2012-11-12;Mise à disposition d'un agent de catégorie C auprès de la Caisse des Ecoles;0000059415;"
"2012-11-12;Modification du tableau des effectifs;0000059416;"
"2012-11-12;Attribution d’une subvention"
à l’Association pour Personnes en Situation de Handicap (APSH 34)
dans le cadre de l’organisation
"du forum Handi-Job;0000059417;"
"2012-11-12;Attribution de subventions à diverses associations "
dans le cadre de la thématique du handicap
"Exercice 2012;0000059418;"
"2012-11-12;Cuisine Centrale des restaurants scolaires - Marchés alimentaires"
"Autorisation de signer les marchés;0000059419;"
"2012-11-12;Restaurants Scolaires - Entretien préventif et curatif du matériel de restauration collective et de buanderie."
"Autorisation de signer les marchés.;0000059420;"
"2012-11-12;Ecole MITTERRAND- aménagement des espaces extérieurs - lot n° 3 : éclairage public - Avenant de transfert pour changement de raison sociale.;0000059421;"
"2012-11-12;MONTPELLIER GRAND COEUR"
Ravalement obligatoire des façades
"Attribution de subventions;0000059426;"
"2012-11-12;Exploitation du parc de stationnement du nouvel Hôtel de Ville de Montpellier - Avenant n° 1;0000059427;"
"2012-11-12;Le Rockstore - Protocole d'accord avec la société d'exploitation et de production musicale du Rockstore;0000059428;"
"2012-11-12;Maisons pour tous de la Ville de Montpellier"
"Mise à disposition de salles à titre gratuit;0000059429;"
"2012-11-12;Conventions d'utilisation du domaine public "
dans le cadre d'attributions de créneaux annuels 
"pour la saison sportive 2012-2013;0000059430;"
"2012-11-12;Activités d'éducation physique et sportive en temps scolaire"
Convention de partenariat
"Académie de Montpellier - Ville de Montpellier;0000059431;"
"2012-11-12;Crèche multi accueil ""les Enfantines"""
"Mise à disposition de locaux à l'Association Languedocienne pour la Jeunesse;0000059432;"
"2012-11-12;Désignation du représentant de la Ville"
"à la Commission d'attribution de logements du GROUPE PROMOLOGIS;0000059433;"
"2012-11-12;Désignation d'un représentant de la Ville dans les Conseils d'écoles;0000059434;"
"2012-11-12;Association OFFICE DU TOURISME de la région de Montpellier"
"Désignation d'un représentant de la Ville au Conseil d'Administration;0000059435;"
"2012-11-12;Avenant n°1 au marché de construction de l'école primaire François MITTERRAND;0000059422;"
"2012-11-12;Evolution des postes d'enseignants dans les écoles publiques à la rentrée 2012 (avenant à la délibération du 29 mai 2012);0000059423;"
"2012-11-12;Entretien et maintenance des ascenseurs, monte-charges, escaliers mécaniques et plateformes élévatrices de l'hôtel de ville et de l'ensemble des bâtiments communaux"
"Autorisation de signer les marchés;0000059456;"
"2012-11-12;Achat d’une nacelle élévatrice poids-lourd, d’un tracteur agricole porte outil, et d’un broyeur de branches. Autorisation de signer les marchés.;0000059457;"
"2012-11-12;Attribution de subventions "
à diverses associations 
"dans le cadre de la Cohésion Sociale;0000059476;"
"2012-11-12;Garantie d'emprunt Gaia - Société d'Aménagement de l'Agglomération de Montpellier (SAAM) - Ecole d'Application de l'Infanterie (EAI);0000059477;"
"2012-11-12;Attributions de subventions"
"Exercice 2012;0000059478;"
"2012-11-12;Foncier"
Opération rue Lafeuillade
"vente à la SERM emprise de 12 m²;0000059479;"
"2012-11-12;ZAC ""Port Marianne-République"""
Acquisition d'un terrain
Propriété BOYET
Avenue Raymond Dugrand
"parcelle cadastrée SC 106p;0000059480;"
"2012-11-12;ZAC ""Port Marianne-République"""
Acquisition d'un terrain
Propriété BOYET
Avenue Raymond Dugrand
"parcelle cadastrée SC 106p;0000059462;"
"2012-11-12;Foncier"
Opération rue Lafeuillade
"vente à la SERM emprise de 12 m²;0000059424;"
"2012-11-12;ZAC ""Port Marianne-République"""
Acquisition d'un terrain
Propriété BOYET
Avenue Raymond Dugrand
"parcelle cadastrée SC 106p;0000059425;"
"2012-07-23;MONTPELLIER GRAND COEUR"
Concession d amenagement 
Compte rendu annuel a la collectivite exercice 2011
"Rapport special sur les conditions d exercice des prerogatives de puissance publique annee 2011;0000056780;"
"2012-10-01;Zones d'Amenagement Concerte Garosud et Garosud Extension"
Realisation de bassins de retention
"Echange a l'euro symbolique de terrains avec la Societe d Equipement de la Region Montpellieraine;0000058342;"
"2012-10-01;Amenagement de la tranche 3 du Parc Malbosc - Autorisation de signer l Avenant n 1 du marche 1M569 2701;0000058405;"
"2012-10-01;Modification du tableau des effectifs;0000058406;"
"2012-10-01;Regime indemnitaire  Animateurs permanents;0000058408;"
"2012-10-01;Exercice 2012   Decision Modificative n 2 du Budget Principal;0000058410;"
"2012-10-01;Tarifs 2012"
"Modification des tarifs applicables aux agents municipaux dans le cadre du Plan de Deplacement des Entreprises;0000058412;"
"2012-10-01;Attributions de subventions et cotisations a des organismes nationaux"
"Exercice 2012;0000058413;"
"2012-10-01;Reforme de vehicules et materiels;0000058414;"
"2012-10-01;Recalibrage de la rue Montasinos partie comprise entre la rue des Alpilles et la rue des Bengalis"
"Marche a Procedure Adaptee                Autorisation de signer les marches;0000058416;"
"2012-10-01;Fonds Departemental d Aide aux Jeunes"
Delegation de gestion du Departement a la Ville de Montpellier
"Avenant 2012;0000058417;"
"2012-10-01;FONCIER"
Vente Ville   Communaute  d Agglomeration de Montpellier
"Secteur Sud A9 et Sud Zenith;0000058384;"
"2012-10-01;Fourniture de services de telecommunications Telephonie mobile"
"Autorisation de signer le marche;0000058386;"
"2012-10-01;Avenant n 1 a la convention de partenariat relative au developpement d actions en faveur du logement des jeunes et promotion de l aide Mobili Jeunes;0000058388;"
"2012-10-01;Recensement de la Population 2013"
Creation de postes d Agents Recenseurs
"et remuneration de ces postes;0000058390;"
"2012-10-01;Plan Local de Deplacements secteur Nord."
Axe rue Auguste Broussonnet   quai du Verdanson  place du Onze novembre.
Reorganisation des sens de circulation   Recalibrage des voies
Demande de subvention aupres 
"de la Communaute d Agglomeration de Montpellier;0000058391;"
"2012-10-01;REDEVANCE SPECIALE POUR LES DECHETS MENAGERS ET ASSIMILES Communaute d agglomeration de Montpellier   Ville de Montpellier;0000058392;"
"2012-10-01;Cinema Nestor Burma"
"Convention entre la Ville et l association les Chiens Andalous  dispositif Ecole et Cinema;0000058393;"
"2012-10-01;La Panacee art et culture contemporaine"
Residences d artistes
"Demande de subvention aupres de l Etat (Ministere de la Culture et de la Communication);0000058394;"
"2012-10-01;Theatre Jean Vilar  programmation 2012-2013"
"Demandes de subventions;0000058395;"
"2012-10-01;Attribution d une subvention "
a l association Choeurs des Choregiens 
"Exercice 2012;0000058396;"
"2012-10-01;Convention de partenariat avec l association Festival International du Cinema mediterraneen - Attribution de subvention"
"Exercice 2012;0000058397;"
"2012-10-01;Convention de partenariat et attribution d une subvention "
a l association El Hand Art
"Exercice 2012;0000058398;"
"2012-10-01;Gestion Technique Centralisee des Horodateurs"
"Autorisation a signer le Marche Negocie;0000058399;"
"2012-10-01;Depose fourniture et pose de serrurerie de voirie Autorisation de signer le marche;0000058400;"
"2012-10-01;Marche a bons de commande pour le curage  controle et rehabilitations ponctuelles du reseau pluvial"
"Autorisation de signer le marche;0000058401;"
"2012-10-01;Maintenance et modifications des equipements d Eclairage Public - lot 1 quartier Port Marianne / Pres d Arenes - Avenant de transfert pour changement de raison sociale;0000058402;"
"2012-10-01;Convention de debroussaillage entre la Ville et l Association Languedocienne pour la Jeunesse;0000058403;"
"2012-10-01;Denominations de voies;0000058404;"
"2012-10-01;Association de gestion de la Maison de Montpellier a Heidelberg "
"Designation des representants de la Ville au Conseil d administration;0000058418;"
"2012-10-01;Adhesion au LAB (Local Action for Biodiversity);0000058419;"
"2012-10-01;Marche public a procedure adaptee relatif aux travaux d installation et d entretien du patrimoine electrique exterieur;0000058420;"
"2012-10-01;Suppression du Marche Esplanade Comedie et creation du marche Comedie;0000058421;"
"2012-10-01;Attribution d un marche de programmation pour la Cite du Corps Humain;0000058422;"
"2012-10-01;Demarche d elaboration du projet urbain Montpellier 2040"
"Approbation des orientations strategiques et des modalites de concertation;0000058423;"
"2012-10-01;Election d un adjoint au Maire;0000058424;"
"2012-10-01;Garantie d emprunt GAIA   SERM Grand Coeur;0000058425;"
"2012-10-01;Garantie Emprunt GAIA  SERM   Ville de Montpellier  "
"Avenant au contrat de pret N 1098075;0000058426;"
"2012-10-01;Voeu   Defense du personnel de SANOFI Montpellier;0000058428;"
"2012-10-01;Quartier Montpellier Centre "
Reconstruction Salle de Boxe FARRE
Autorisation de deposer un permis de construire 
"Demande de subventions;0000058553;"
"2012-10-01;Activites de Gymnastique"
Convention de service
"Ville de Montpellier   Centre Communal d Action Sociale;0000058554;"
"2012-10-01;Quartier des Cevennes "
Operation programmee d amelioration de l habitat
Copropriéte Cevennes 1
"Attribution de subventions parties privatives;0000058557;"
"2012-10-01;MONTPELLIER GRAND COEUR"
Operation programmee d amelioration de l habitat
"Attribution de subventions;0000058558;"
"2012-10-01;Centre d art contemporain la Panacee"
"Autorisation de signer l avenant n 3 au lot 3  Bardage Menuiserie aluminium march  n 9M19016C;0000058559;"
"2012-10-01;MONTPELLIER GRAND COEUR"
Ravalement obligatoire des facades
"Attribution de subventions;0000058578;"
"2012-10-01;Attributions de subventions a des projets et structures"
"Exercice 2012;0000058582;"
"2012-10-01;Foncier "
Elargissement Rue du Fesquet   Chemin de Casseyrols
"Propriete   SCI Coteau Nicolas;0000058595;"
"2012-10-01;Maisons pour tous de la Ville de Montpellier"
"Mise a disposition de salle a titre gratuit;0000058584;"
"2012-10-01;Engagement dans la demarche Cit ergie Approbation de l appel a candidature ADEME pour sa mise en oeuvre;0000058585;"
"2012-10-01;Gestion immobiliere et technique de l ancienne Mairie A et de sa salle polyvalente;0000058586;"
"2012-10-01;Ancienne Mairie"
Denomination d espace
SALLE JULES PAGEZY
"Maire de Montpellier de 1852 à 1869;0000058587;"
"2012-10-01;Immeuble Les Restaurants de l'Esplanade"
Club Age d Or Antonin Balmes
Prorogation d un an   Avenant n  2 
au bail de longue duree du 13 septembre 1993
"Ville de Montpellier   CCAS;0000058588;"
"2012-10-01;Autorisation de signature de convention pour la location de locaux associatifs;0000058589;"
"2012-10-01;Travaux de maintenance, de gros entretiens et grosses reparations sur les batiments communaux"
Lot n  1 : Desamiantage   Demolitions
Lot n  2 : Maconnerie   Petits travaux
"Lot n  3 : Metallerie secteur 2;0000058590;"
"2012-10-01;Societe d Equipement de la Region Montpellieraine  SERM   Avenant n 2 au contrat de concession du service de distribution publique d energie calorifique.;0000058591;"
"2012-10-01;Amenagement de l avenue du Pont Trinquat   section rue des Acconiers Chemin de Moulares"
Propriete de l A.S.L. Les Cigales
impasse Jacques Daguerre
parcelle cadastree DS 45p
"Promesse unilaterale de vente et convention de travaux;0000058592;"
"2012-10-01;Amenagement de l avenue du Pont Trinquat"
section rue des Acconiers   chemin de Moulares
Propriete AGELOU
951, avenue du Pont Trinquat
Parcelle cadastree DS 556p
"Promesse d echange foncier;0000058593;"
"2012-10-01;Foncier"
P.A.E. de l Allee du Tiers Etat
"Acquisition d une emprise de voirie aupres d ACM;0000058594;"
"2012-10-01;Société d’Equipement de la Région Montpelliéraine (SERM) - Avenant n°2 au contrat de concession du service de distribution publique d’énergie calorifique.;0000058354;"
"2012-10-01;Travaux de maintenance, de gros entretiens et grosses réparations sur les bâtiments communaux"
Lot n° 1 : Désamiantage - Démolitions
Lot n° 2 : Maçonnerie - Petits travaux
"Lot n° 3 : Métallerie (secteur 2);0000058356;"
"2012-10-01;Autorisation de signature de convention pour la location de locaux associatifs;0000058357;"
"2012-10-01;Immeuble ""Les Restaurants de l'Esplanade"" "
Club Age d'Or Antonin Balmès
Prorogation d'un an - Avenant n° 2 
au bail de longue durée du 13 septembre 1993
"Ville de Montpellier / CCAS;0000058358;"
"2012-10-01;Ancienne Mairie"
Dénomination d'espace
SALLE JULES PAGEZY
"Maire de Montpellier de 1852 à 1869;0000058359;"
"2012-10-01;Gestion immobilière et technique de l'ancienne Mairie A et de sa salle polyvalente;0000058360;"
"2012-10-01;Engagement dans la démarche Cit'ergie –Approbation de l’appel à candidature ADEME pour sa mise en oeuvre;0000058364;"
"2012-10-01;Maisons pour tous de la Ville de Montpellier"
"Mise à disposition de salle à titre gratuit;0000058365;"
"2012-10-01;Activités de Gymnastique"
Convention de service
"Ville de Montpellier - Centre Communal d'Action Sociale;0000058366;"
"2012-10-01;Quartier Montpellier Centre "
Reconstruction Salle de Boxe FARRE
Autorisation de déposer un permis de construire 
"Demande de subventions;0000058367;"
"2012-10-01;Quartier des Cévennes "
Opération programmée d'amélioration de l'habitat
Copropriété Cévennes 1
"Attribution de subventions parties privatives;0000058368;"
"2012-10-01;Travaux de maintenance de gros entretiens et grosses reparations sur les batiments communaux"
Lot n1 : Desamiantage - Demolitions
Lot n2 : Maçonnerie - Petits travaux
"Lot n3 : Metallerie (secteur 2);0000058540;"
"2012-10-01;Autorisation de signature de convention pour la location de locaux associatifs;0000058541;"
"2012-10-01;Immeuble Les Restaurants de l'Esplanade"
Club Age d Or Antonin Balmes
Prorogation d un an - Avenant n2 
au bail de longue duree du 13 septembre 1993
"Ville de Montpellier  CCAS;0000058542;"
"2012-10-01;Ancienne Mairie"
Denomination d espace
SALLE JULES PAGEZY
"Maire de Montpellier de 1852 a 1869;0000058543;"
"2012-10-01;Gestion immobiliere et technique de l ancienne Mairie A et de sa salle polyvalente;0000058544;"
"2012-10-01;Engagement dans la demarche Cit ergie Approbation de l appel a candidature ADEME pour sa mise en oeuvre;0000058545;"
"2012-10-01;Maisons pour tous de la Ville de Montpellier"
"Mise a disposition de salle a titre gratuit;0000058546;"
"2012-10-01;Amenagement de l avenue du Pont Trinquat ( section rue des Acconiers/Chemin de Moulares)"
Propriete de l A.S.L. Les Cigales
impasse Jacques Daguerre
parcelle cadastree DS 45p
"Promesse unilaterale de vente et convention de travaux;0000058547;"
"2012-10-01;Amenagement de l avenue du Pont Trinquat"
(section rue des Acconiers / chemin de Moulares)
Propriete AGELOU
951, avenue du Pont Trinquat
Parcelle cadastree DS 556p
"Promesse d echange foncier;0000058549;"
"2012-10-01;MONTPELLIER GRAND CŒUR"
Opération programmée d’amélioration de l’habitat
"Attribution de subventions;0000058370;"
"2012-10-01;Centre d'art contemporain la Panacée"
"Autorisation de signer l’avenant n°3 au lot 3 – Bardage-Menuiserie aluminium (marché n°9M19016C);0000058371;"
"2012-10-01;Amenagement de l avenue du Pont Trinquat ( section rue des Acconiers Chemin de Moulares)"
Propriete de l A.S.L. Les Cigales
impasse Jacques Daguerre
parcelle cadastrée DS 45p
"Promesse unilaterale de vente et convention de travaux;0000058376;"
"2012-10-01;Amenagement de l avenue du Pont Trinquat"
(section rue des Acconiers  chemin de Moularès)
Propriete AGELOU
951, avenue du Pont Trinquat
Parcelle cadastree DS 556p
"Promesse d echange foncier;0000058378;"
"2012-10-01;Attributions de subventions a des projets et structures"
"Exercice 2012;0000058530;"
"2012-10-01;Societe d Equipement de la Region Montpellieraine (SERM)  Avenant n2 au contrat de concession du service de distribution publique d energie calorifique.;0000058538;"
"2012-11-12;MONTPELLIER GRAND CŒUR"
Opération programmée d’amélioration de l’habitat
"Attribution de subventions;0000059370;"
"2012-11-12;Cinéma Nestor Burma"
Convention avec le CROUS de Montpellier
"Dispositif Pass' Culture;0000059371;"
"2012-11-12;Cinéma Nestor Burma"
"Dispositif Lycéens au cinéma;0000059372;"
"2012-11-12;Cinéma Nestor Burma"
"Convention entre la Ville et l'association Les Chiens Andalous, dispositif Collège au cinéma;0000059373;"
"2012-11-12;Théâtre Jean Vilar"
Dispositif Pass Culture
"Convention avec le CROUS de Montpellier;0000059374;"
"2012-11-12;Théâtre Jean Vilar"
"Convention d'aide à la diffusion théâtrale avec la Communauté d'Agglomération de Montpellier;0000059375;"
"2012-11-12;La Panacée, Art et Culture contemporaine"
"Demande de subvention auprès de l'Union Européenne pour le projet C.A.P.E. Europe;0000059376;"
"2012-11-12;Agora des Savoirs quatrième saison"
"Convention de partenariat avec la librairie Sauramps;0000059377;"
"2012-11-12;Agora des Savoirs 4ème saison"
Cycle de conférences 2012 - 2013
Partenariats avec la Maison des Sciences de l’Homme de Montpellier 
"et avec l’association Croqu’Oreilles - Divergence.FM;0000059378;"
"2012-11-12;Pavillon Populaire, exposition Adieu la Suisse ! Construction et déconstruction d'un mythe photographique"
"Demande de subvention;0000059379;"
"2012-11-12;Gardiennage de sites"
Sécurité et accompagnement évènementiel
Surveillance d'expositions
"Autorisation à signer les Marchés;0000059380;"
"2012-11-12;Dénominations de voies;0000059381;"
"2012-11-12;Maintenance et modification des équipements d'éclairage public;0000059382;"
"2012-11-12;Convention de correction et d'exploitation des données du Fichier National des accidents corporels de la circulation;0000059383;"
"2012-11-12;Délégation de Service Public"
Lot parkings Comédie/Antigone
"Délibération de principe;0000059384;"
"2012-11-12;Transfert de la compétence Eau Potable "
Procès verbal de mise à disposition de la Communauté d'Agglomération de Montpellier des biens mobiliers et immobiliers par la Commune de Montpellier 
"Autorisation de signature;0000059385;"
"2012-11-12;Attribution de subventions à diverses associations "
"dans le cadre de la thématique solidarité;0000059386;"
"2012-11-12;Bourse Animation Jeunes"
"Attributions de subventions 2012;0000059388;"
"2012-11-12;Mise en oeuvre du plan de gestion Lez / Mosson et affluents"
Approbation des travaux 2013
"Demandes de subventions;0000059389;"
"2012-11-12;Bourse Initiatives Jeunes 2012"
"Participation de la Ville;0000059387;"
"2012-11-12;Quartier des Cevennes "
Operation programmee d amelioration de l habitat
Copropriete Cevennes 1
"Attribution de subventions parties privatives;0000059390;"
"2012-11-12;Exercice 2012 - Décision Modificative n°3 du Budget Principal;0000059413;"
"2012-11-12;PROTOCOLE D’ACCORD"
VILLE DE MONTPELLIER /
"Mme ARNAUD Joséphine – M. ARNAUD Claude – Mme et M. BELLEC Samuel;0000059414;"
"2012-11-12;Mise à disposition d'un agent de catégorie C auprès de la Caisse des Ecoles;0000059415;"
"2012-11-12;Modification du tableau des effectifs;0000059416;"
"2012-11-12;Attribution d’une subvention"
à l’Association pour Personnes en Situation de Handicap (APSH 34)
dans le cadre de l’organisation
"du forum Handi-Job;0000059417;"
"2012-11-12;Attribution de subventions à diverses associations "
dans le cadre de la thématique du handicap
"Exercice 2012;0000059418;"
"2012-11-12;Cuisine Centrale des restaurants scolaires - Marchés alimentaires"
"Autorisation de signer les marchés;0000059419;"
"2012-11-12;Restaurants Scolaires - Entretien préventif et curatif du matériel de restauration collective et de buanderie."
"Autorisation de signer les marchés.;0000059420;"
"2012-11-12;Ecole MITTERRAND- aménagement des espaces extérieurs - lot n° 3 : éclairage public - Avenant de transfert pour changement de raison sociale.;0000059421;"
"2012-11-12;MONTPELLIER GRAND COEUR"
Ravalement obligatoire des façades
"Attribution de subventions;0000059426;"
"2012-11-12;Exploitation du parc de stationnement du nouvel Hôtel de Ville de Montpellier - Avenant n° 1;0000059427;"
"2012-11-12;Le Rockstore - Protocole d'accord avec la société d'exploitation et de production musicale du Rockstore;0000059428;"
"2012-11-12;Maisons pour tous de la Ville de Montpellier"
"Mise à disposition de salles à titre gratuit;0000059429;"
"2012-11-12;Conventions d'utilisation du domaine public "
dans le cadre d'attributions de créneaux annuels 
"pour la saison sportive 2012-2013;0000059430;"
"2012-11-12;Activités d'éducation physique et sportive en temps scolaire"
Convention de partenariat
"Académie de Montpellier - Ville de Montpellier;0000059431;"
"2012-11-12;Crèche multi accueil ""les Enfantines"""
"Mise à disposition de locaux à l'Association Languedocienne pour la Jeunesse;0000059432;"
"2012-11-12;Désignation du représentant de la Ville"
"à la Commission d'attribution de logements du GROUPE PROMOLOGIS;0000059433;"
"2012-11-12;Désignation d'un représentant de la Ville dans les Conseils d'écoles;0000059434;"
"2012-11-12;Association OFFICE DU TOURISME de la région de Montpellier"
"Désignation d'un représentant de la Ville au Conseil d'Administration;0000059435;"
"2012-11-12;Avenant n°1 au marché de construction de l'école primaire François MITTERRAND;0000059422;"
"2012-11-12;Evolution des postes d'enseignants dans les écoles publiques à la rentrée 2012 (avenant à la délibération du 29 mai 2012);0000059423;"
"2012-11-12;Entretien et maintenance des ascenseurs, monte-charges, escaliers mécaniques et plateformes élévatrices de l'hôtel de ville et de l'ensemble des bâtiments communaux"
"Autorisation de signer les marchés;0000059456;"
"2012-11-12;Achat d’une nacelle élévatrice poids-lourd, d’un tracteur agricole porte outil, et d’un broyeur de branches. Autorisation de signer les marchés.;0000059457;"
"2012-11-12;Attribution de subventions "
à diverses associations 
"dans le cadre de la Cohésion Sociale;0000059476;"
"2012-11-12;Garantie d'emprunt Gaia - Société d'Aménagement de l'Agglomération de Montpellier (SAAM) - Ecole d'Application de l'Infanterie (EAI);0000059477;"
"2012-11-12;Attributions de subventions"
"Exercice 2012;0000059478;"
"2012-11-12;Foncier"
Opération rue Lafeuillade
"vente à la SERM emprise de 12 m²;0000059479;"
"2012-11-12;ZAC ""Port Marianne-République"""
Acquisition d'un terrain
Propriété BOYET
Avenue Raymond Dugrand
"parcelle cadastrée SC 106p;0000059480;"
"2012-11-12;ZAC ""Port Marianne-République"""
Acquisition d'un terrain
Propriété BOYET
Avenue Raymond Dugrand
"parcelle cadastrée SC 106p;0000059462;"
"2012-11-12;Foncier"
Opération rue Lafeuillade
"vente à la SERM emprise de 12 m²;0000059424;"
"2012-11-12;ZAC ""Port Marianne-République"""
Acquisition d'un terrain
Propriété BOYET
Avenue Raymond Dugrand
"parcelle cadastrée SC 106p;0000059425;"
"2012-12-17;CCAS de Montpellier"
Réaffectation des locaux de SAINT-CÔME 
"13, rue de l'Ecole Normale;0000060161;"
"2012-12-17;Charte du coeur de l'association RMC/BFM;0000060162;"
"2012-12-17;Adhésion au label ""Ville engagée contre le SIDA"";0000060163;"
"2012-12-17;Convention d'exploitation du domaine public -Kiosque Boulangerie Patisserie - Désignation de l'exploitant - Décision - Autorisation;0000060164;"
"2012-12-17;Observatoire de l'immobilier du commerce de l'agglomération de Montpellier - Convention de partenariat avec Montpellier agglomération - Autorisation de signature;0000060165;"
"2012-12-17;AUBERGE DE JEUNESSE "
"Avenant n°3 de prolongation du bail emphytéotique;0000060166;"
"2012-12-17;Délibération portant sur le lancement du concours de maîtrise d’œuvre d’architecture pour la réalisation de la Cité du Corps Humain.;0000060167;"
"2012-12-17;Rapport de développement durable de la Ville de Montpellier;0000060168;"
"2012-12-17;Débat d'orientation budgétaire 2013;0000060169;"
"2012-12-17;Mandat spécial, Présentation d'une mission opérationnelle des membres du conseil municipal dans le cadre de l'action internationale de la Ville et des jumelages;0000060170;"
"2012-12-17;Crèche Adélaïde Cambon - Protocole d'accord suite à la chute de châssis;0000060171;"
"2012-12-17;ZAC Port Marianne  - Consuls de Mer"
"Futur Hôtel de Ville - Autorisation de signer l'avenant n°4 au marché de maîtrise d'oeuvre;0000060172;"
"2012-12-17;MONTPELLIER GRAND CŒUR"
Opération programmée d’amélioration de l’habitat
"Attribution de subventions;0000060152;"
"2012-12-17;Quartier des Cévennes"
Opération Programmée d'Amélioration de l'Habitat
Copropriété Cévennes 1
"Attribution de subventions en parties privatives;0000060153;"
"2012-12-17;Attribution d’une subvention "
à l’association Conseil Départemental de l’Accès aux Droits
"Exercice 2012;0000060154;"
"2012-12-17;Maintenance des équipements électriques et de sécurité du tunnel de la Comédie et de la trémie du Corum - Appel d'offres ouvert - Autorisation de signer le marché;0000060155;"
"2012-12-17;Travaux de mise en sécurité du Tunnel de la Comédie - Appel d'offres ouvert - Autorisation de signer le marché;0000060156;"
"2012-12-17;Plan local de déplacement - Secteur Nord"
Avenant à conclure sur les lots n°1, n°2 et n°3 du marché 12M008
"Autorisation de signer;0000060157;"
"2012-12-17;Dénomination de voies;0000060158;"
"2012-12-17;Délégation de Service Public"
Parkings Foch-Préfecture et Arc de Triomphe
"Choix du délégataire;0000060159;"
"2012-12-17;Délégation de Service Public "
Parking Laissac 
"Choix du délégataire;0000060160;"
"2012-12-17;Assistance à maîtrise d'ouvrage"
"Bureau d'études techniques - Tous Corps d'Etat;0000060173;"
"2012-12-17;PATRIMOINE"
Convention d'occupation précaire
Ville – Société ASF
"Dédoublement de l'Autoroute A9;0000060174;"
"2012-12-17;Le Rockstore - Travaux de mise aux normes;0000060175;"
"2012-12-17;Associations logées par la Ville de Montpellier"
Loyers et Charges locatives impayés
"Remise gracieuse de dettes;0000060176;"
"2012-12-17;Mise à disposition de locaux associatifs"
Approbation des redevances minorées
"Autorisation de signer les conventions de location;0000060177;"
"2012-12-17;Maisons pour tous de la Ville de Montpellier"
"Mise à disposition de salle à titre gratuit;0000060178;"
"2012-12-17;Crèche Joséphine Baker "
Délégation de Service Public
Avenant n° 1
"Cession du contrat de la Mutualité Française Hérault à la Mutualité Française Hérault Petite Enfance;0000060179;"
"2012-12-17;Protocole d'accord Ville de Montpellier/CAF de l'Hérault pour favoriser l'offre d'accueil des enfants des familles bénéficiaires du RSA en parcours d'insertion sociale ou professionnelle;0000060180;"
"2012-12-17;Réaménagement et extension de la crèche GALINETA - demande de permis de construire et demande de subventions;0000060181;"
"2012-12-17;FONCIER"
Site de l ancienne Ecole d Application de l Infanterie
"Revente a la Societe d Amenagement d Agglomeration de Montpellier SAAM;0000060182;"
"2012-12-17;Garantie d emprunt GAIA avec prefinancement accordee a la Societe d Amenagement de l Agglomeration de Montpellier SAAM pour l Ecole d Application de l Infanterie  Annule et remplace la deliberation numero 2012 562 du 12 11 2012;0000060184;"
"2012-12-17;Attribution de subventions a diverses associations"
de la Ville dans le cadre de la Cohesion Sociale
"Exercice 2012;0000060185;"
"2012-12-17;Avenants a la convention de pilotage et de financement de la mission de prevention specialisee entre le Departement de l Herault la Commune de Montpellier et l Association de Prevention Specialisee 34;0000060186;"
"2012-12-17;MONTPELLIER GRAND COEUR"
Ravalement obligatoire des facades
"Attribution de subventions;0000060187;"
"2012-12-17;Achat et maintenance de postes de travail bureautique et serveurs"
Groupement de commandes entre la Ville et le C.C.A.S.
"Autorisation de signer les marches;0000060188;"
"2012-12-17;Attribution de subventions a diverses associations"
dans le domaine de l exclusion
"Exercice 2012;0000060189;"
"2012-12-17;Restaurants Scolaires   Entretien preventif et curatif du materiel de restauration collective et de buanderie. Autorisation de signer les marches."
"Abroge et remplace la deliberation n 2012 553 du 12 11 12;0000060190;"
"2012-12-17;Amenagement des espaces exterieurs de l ecole primaire François Mitterrand"
Autorisation de signer l avenant  n 1 aux  marches de travaux
"Lot 1   Amenagements urbains et Lot 2    Plantation-Arrosage Serrurerie;0000060191;"
"2012-12-17;Accord partenarial entre la Ville de Montpellier, l APAGL et Cil Mediterranee, CILEO et Astria, pour la mise en oeuvre du dispositif de Garantie des Risques Locatifs GRL et le logement des jeunes;0000060192;"
"2012-12-17;Mise a disposition de locaux associatifs"
Approbation de redevances minorees
"Autorisation de signer les conventions d occupation du domaine public;0000060193;"
"2012-12-17;Quartier PRES D ARENES"
Denomination du terrain stabilise de football  du complexe  Claude Beal
"Gerard BIANCHI;0000060194;"
"2012-12-17;Quartier MONTPELLIER CENTRE"
Denomination du terrain de football Mail des Abbes
"Vincent CANDELA;0000060195;"
"2012-12-17;CONVENTION VILLE DE MONTPELLIER  TRANSPORTS DE L AGGLOMERATION DE MONTPELLIER RELATIVE AU NETTOIEMENT ET LA LUTTE ANTI TAGS DES STATIONS DE TRAMWAY DU CENTRE VILLE;0000060196;"
"2012-12-17;Retranscription du regime indemnitaire;0000060197;"
"2012-12-17;Modification du tableau des effectifs;0000060198;"
"2012-12-17;Modification des modalités financières de fonctionnement de la Commission Sociale;0000060199;"
"2012-12-17;Astreinte DGU   dispositif d'alerte hydro meteorologique;0000060200;"
"2012-12-17;Astreinte plan communal de sauvegarde  cellule prevention et gestion des risques;0000060201;"
"2012-12-17;Reglement de gestion financiere des depenses d equipement;0000060202;"
"2012-12-17;Exercice 2012   Decision Modificative n 4 du Budget Principal de la Ville de Montpellier;0000060203;"
"2012-12-17;Autorisation d utilisation des credits avant le vote du Budget Primitif 2013 et affectation d acomptes de subventions;0000060204;"
"2012-12-17;TaM  Rapport des administrateurs   Exercice 2011;0000060205;"
"2012-12-17;SERM   Rapport des administrateurs   Exercice 2011;0000060206;"
"2012-12-17;SAAM   Rapport des administrateurs   Exercice 2011;0000060207;"
"2012-12-17;ENJOY   Rapport des administrateurs   Exercice 2011;0000060208;"
"2012-12-17;SOMIMON MERCADIS  Rapport des administrateurs  Exercice 2011;0000060209;"
"2012-12-17;ADMISSION EN NON VALEUR EXERCICE 2012;0000060210;"
"2012-12-17;Apurement annuel des regies"
"Exercice 2012;0000060211;"
"2012-12-17;Attributions de subventions"
"Exercice 2012;0000060212;"
"2012-12-17;Achat de vetements de travail"
"Autorisation de signer les marches;0000060213;"
"2012-12-17;Reforme et cession du materiel et des vehicules;0000060214;"
"2012-12-17;Achat d Aliments pour les Animaux du Parc DARWIN"
"Autorisation de signer les marches;0000060215;"
"2012-12-17;Tarifs 2013 pour la Ville de Montpellier  "
"Approbation;0000060216;"
"2012-12-17;College Clemence Royer"
"Designation d un representant de la Ville;0000060217;"
"2012-12-17;Marche  Suivi de la communication institutionnelle autorisation de signer l avenant n 1;0000060218;"
"2012-12-17;Garantie d emprunt GAIA avec prefinancement accordee a la Societe d Amenagement de l Agglomeration de Montpellier SAAM pour l Ecole d Application de l Infanterie  Annule et remplace la deliberation 2012 562 du 12 11 2012;0000060219;"
